parameter_name,sub_parameter_name,param_unit,ts,value,Current_Mean_Value,Current_Sigma_Value,Design_Value
APH Outlet temperature,Flue Gas Temperature Profile,DEGC,25-10-2025 12:59,140.6919113,133.8666667,1.93768997,135
APH Outlet temperature,Flue Gas Temperature Profile,DEGC,25-10-2025 12:58,140.6863918,133.8666667,1.93768997,135
APH Outlet temperature,Flue Gas Temperature Profile,DEGC,25-10-2025 12:57,140.6578694,133.8666667,1.93768997,135
APH Outlet temperature,Flue Gas Temperature Profile,DEGC,25-10-2025 12:56,139.0125117,133.8666667,1.93768997,135
APH Outlet temperature,Flue Gas Temperature Profile,DEGC,25-10-2025 12:55,137.6569201,133.8666667,1.93768997,135
APH Outlet temperature,Flue Gas Temperature Profile,DEGC,25-10-2025 12:54,136.615781,133.8666667,1.93768997,135
APH Outlet temperature,Flue Gas Temperature Profile,DEGC,25-10-2025 12:53,137.2273265,133.8666667,1.93768997,135
APH Outlet temperature,Flue Gas Temperature Profile,DEGC,25-10-2025 12:52,138.4559332,133.8666667,1.93768997,135
APH Outlet temperature,Flue Gas Temperature Profile,DEGC,25-10-2025 12:51,138.1935744,133.8666667,1.93768997,135
APH Outlet temperature,Flue Gas Temperature Profile,DEGC,25-10-2025 12:50,137.4200176,133.8666667,1.93768997,135
APH Outlet temperature,Flue Gas Temperature Profile,DEGC,25-10-2025 12:49,136.3919592,133.8666667,1.93768997,135
APH Outlet temperature,Flue Gas Temperature Profile,DEGC,25-10-2025 12:48,137.9342703,133.8666667,1.93768997,135
APH Outlet temperature,Flue Gas Temperature Profile,DEGC,25-10-2025 12:47,139.5396905,133.8666667,1.93768997,135
APH Outlet temperature,Flue Gas Temperature Profile,DEGC,25-10-2025 12:46,139.1500474,133.8666667,1.93768997,135
APH Outlet temperature,Flue Gas Temperature Profile,DEGC,25-10-2025 12:45,137.6150142,133.8666667,1.93768997,135
APH Outlet temperature,Flue Gas Temperature Profile,DEGC,25-10-2025 12:44,132.5812158,133.8666667,1.93768997,135
APH Outlet temperature,Flue Gas Temperature Profile,DEGC,25-10-2025 12:43,129.2346661,133.8666667,1.93768997,135
APH Outlet temperature,Flue Gas Temperature Profile,DEGC,25-10-2025 12:42,125.5003871,133.8666667,1.93768997,135
APH Outlet temperature,Flue Gas Temperature Profile,DEGC,25-10-2025 12:41,127.8416963,133.8666667,1.93768997,135
APH Outlet temperature,Flue Gas Temperature Profile,DEGC,25-10-2025 12:40,130.1590179,133.8666667,1.93768997,135
APH Outlet temperature,Flue Gas Temperature Profile,DEGC,25-10-2025 12:39,135.3808911,133.8666667,1.93768997,135
APH Outlet temperature,Flue Gas Temperature Profile,DEGC,25-10-2025 12:38,138.1738315,133.8666667,1.93768997,135
APH Outlet temperature,Flue Gas Temperature Profile,DEGC,25-10-2025 12:37,140.9131606,133.8666667,1.93768997,135
APH Outlet temperature,Flue Gas Temperature Profile,DEGC,25-10-2025 12:36,140.8630773,133.8666667,1.93768997,135
APH Outlet temperature,Flue Gas Temperature Profile,DEGC,25-10-2025 12:35,139.3380636,133.8666667,1.93768997,135
APH Outlet temperature,Flue Gas Temperature Profile,DEGC,25-10-2025 12:34,137.5574466,133.8666667,1.93768997,135
APH Outlet temperature,Flue Gas Temperature Profile,DEGC,25-10-2025 12:33,136.4017328,133.8666667,1.93768997,135
APH Outlet temperature,Flue Gas Temperature Profile,DEGC,25-10-2025 12:32,132.841486,133.8666667,1.93768997,135
APH Outlet temperature,Flue Gas Temperature Profile,DEGC,25-10-2025 12:31,129.180658,133.8666667,1.93768997,135
APH Outlet temperature,Flue Gas Temperature Profile,DEGC,25-10-2025 12:30,127.4554109,133.8666667,1.93768997,135
APH Outlet temperature,Flue Gas Temperature Profile,DEGC,25-10-2025 12:29,129.5305876,133.8666667,1.93768997,135
APH Outlet temperature,Flue Gas Temperature Profile,DEGC,25-10-2025 12:28,133.1192986,133.8666667,1.93768997,135
APH Outlet temperature,Flue Gas Temperature Profile,DEGC,25-10-2025 12:27,134.8263697,133.8666667,1.93768997,135
APH Outlet temperature,Flue Gas Temperature Profile,DEGC,25-10-2025 12:26,136.9860234,133.8666667,1.93768997,135
APH Outlet temperature,Flue Gas Temperature Profile,DEGC,25-10-2025 12:25,133.3264124,133.8666667,1.93768997,135
APH Outlet temperature,Flue Gas Temperature Profile,DEGC,25-10-2025 12:24,133.036342,133.8666667,1.93768997,135
APH Outlet temperature,Flue Gas Temperature Profile,DEGC,25-10-2025 12:23,132.2485152,133.8666667,1.93768997,135
APH Outlet temperature,Flue Gas Temperature Profile,DEGC,25-10-2025 12:22,136.5097951,133.8666667,1.93768997,135
APH Outlet temperature,Flue Gas Temperature Profile,DEGC,25-10-2025 12:21,136.9948635,133.8666667,1.93768997,135
APH Outlet temperature,Flue Gas Temperature Profile,DEGC,25-10-2025 12:20,133.6066633,133.8666667,1.93768997,135
APH Outlet temperature,Flue Gas Temperature Profile,DEGC,25-10-2025 12:19,129.3357444,133.8666667,1.93768997,135
APH Outlet temperature,Flue Gas Temperature Profile,DEGC,25-10-2025 12:18,127.6805989,133.8666667,1.93768997,135
APH Outlet temperature,Flue Gas Temperature Profile,DEGC,25-10-2025 12:17,129.8703011,133.8666667,1.93768997,135
APH Outlet temperature,Flue Gas Temperature Profile,DEGC,25-10-2025 12:16,130.2523908,133.8666667,1.93768997,135
APH Outlet temperature,Flue Gas Temperature Profile,DEGC,25-10-2025 12:15,127.6455942,133.8666667,1.93768997,135
APH Outlet temperature,Flue Gas Temperature Profile,DEGC,25-10-2025 12:14,127.6241656,133.8666667,1.93768997,135
APH Outlet temperature,Flue Gas Temperature Profile,DEGC,25-10-2025 12:13,129.6447897,133.8666667,1.93768997,135
APH Outlet temperature,Flue Gas Temperature Profile,DEGC,25-10-2025 12:12,129.5725927,133.8666667,1.93768997,135
APH Outlet temperature,Flue Gas Temperature Profile,DEGC,25-10-2025 12:11,129.6064131,133.8666667,1.93768997,135
APH Outlet temperature,Flue Gas Temperature Profile,DEGC,25-10-2025 12:10,129.6814892,133.8666667,1.93768997,135
APH Outlet temperature,Flue Gas Temperature Profile,DEGC,25-10-2025 12:09,132.4872285,133.8666667,1.93768997,135
APH Outlet temperature,Flue Gas Temperature Profile,DEGC,25-10-2025 12:08,132.5616047,133.8666667,1.93768997,135
APH Outlet temperature,Flue Gas Temperature Profile,DEGC,25-10-2025 12:07,135.4568077,133.8666667,1.93768997,135
APH Outlet temperature,Flue Gas Temperature Profile,DEGC,25-10-2025 12:06,138.021129,133.8666667,1.93768997,135
APH Outlet temperature,Flue Gas Temperature Profile,DEGC,25-10-2025 12:05,140.8222066,133.8666667,1.93768997,135
APH Outlet temperature,Flue Gas Temperature Profile,DEGC,25-10-2025 12:04,139.3859585,133.8666667,1.93768997,135
APH Outlet temperature,Flue Gas Temperature Profile,DEGC,25-10-2025 12:03,138.5751314,133.8666667,1.93768997,135
APH Outlet temperature,Flue Gas Temperature Profile,DEGC,25-10-2025 12:02,133.3310929,133.8666667,1.93768997,135
APH Outlet temperature,Flue Gas Temperature Profile,DEGC,25-10-2025 12:01,129.5803103,133.8666667,1.93768997,135
APH Outlet temperature,Flue Gas Temperature Profile,DEGC,25-10-2025 12:00,127.2827711,133.8666667,1.93768997,135
APH Outlet temperature,Flue Gas Temperature Profile,DEGC,25-10-2025 11:59,129.8863796,133.8666667,1.93768997,135
APH Outlet temperature,Flue Gas Temperature Profile,DEGC,25-10-2025 11:58,135.0712622,133.8666667,1.93768997,135
APH Outlet temperature,Flue Gas Temperature Profile,DEGC,25-10-2025 11:57,138.0720606,133.8666667,1.93768997,135
APH Outlet temperature,Flue Gas Temperature Profile,DEGC,25-10-2025 11:56,138.9866564,133.8666667,1.93768997,135
APH Outlet temperature,Flue Gas Temperature Profile,DEGC,25-10-2025 11:55,137.8712313,133.8666667,1.93768997,135
APH Outlet temperature,Flue Gas Temperature Profile,DEGC,25-10-2025 11:54,136.9844648,133.8666667,1.93768997,135
APH Outlet temperature,Flue Gas Temperature Profile,DEGC,25-10-2025 11:53,133.4009867,133.8666667,1.93768997,135
APH Outlet temperature,Flue Gas Temperature Profile,DEGC,25-10-2025 11:52,134.4372342,133.8666667,1.93768997,135
APH Outlet temperature,Flue Gas Temperature Profile,DEGC,25-10-2025 11:51,135.4134605,133.8666667,1.93768997,135
APH Outlet temperature,Flue Gas Temperature Profile,DEGC,25-10-2025 11:50,140.7701764,133.8666667,1.93768997,135
APH Outlet temperature,Flue Gas Temperature Profile,DEGC,25-10-2025 11:49,140.7794643,133.8666667,1.93768997,135
APH Outlet temperature,Flue Gas Temperature Profile,DEGC,25-10-2025 11:48,135.3878228,133.8666667,1.93768997,135
APH Outlet temperature,Flue Gas Temperature Profile,DEGC,25-10-2025 11:47,132.3544938,133.8666667,1.93768997,135
APH Outlet temperature,Flue Gas Temperature Profile,DEGC,25-10-2025 11:46,129.5183102,133.8666667,1.93768997,135
APH Outlet temperature,Flue Gas Temperature Profile,DEGC,25-10-2025 11:45,131.9445825,133.8666667,1.93768997,135
APH Outlet temperature,Flue Gas Temperature Profile,DEGC,25-10-2025 11:44,129.6543305,133.8666667,1.93768997,135
APH Outlet temperature,Flue Gas Temperature Profile,DEGC,25-10-2025 11:43,127.2669459,133.8666667,1.93768997,135
APH Outlet temperature,Flue Gas Temperature Profile,DEGC,25-10-2025 11:42,125.2366881,133.8666667,1.93768997,135
APH Outlet temperature,Flue Gas Temperature Profile,DEGC,25-10-2025 11:41,125.2019403,133.8666667,1.93768997,135
APH Outlet temperature,Flue Gas Temperature Profile,DEGC,25-10-2025 11:40,125.3048907,133.8666667,1.93768997,135
APH Outlet temperature,Flue Gas Temperature Profile,DEGC,25-10-2025 11:39,125.032812,133.8666667,1.93768997,135
APH Outlet temperature,Flue Gas Temperature Profile,DEGC,25-10-2025 11:38,125.2976957,133.8666667,1.93768997,135
APH Outlet temperature,Flue Gas Temperature Profile,DEGC,25-10-2025 11:37,125.131299,133.8666667,1.93768997,135
APH Outlet temperature,Flue Gas Temperature Profile,DEGC,25-10-2025 11:36,127.5119204,133.8666667,1.93768997,135
APH Outlet temperature,Flue Gas Temperature Profile,DEGC,25-10-2025 11:35,129.3775368,133.8666667,1.93768997,135
APH Outlet temperature,Flue Gas Temperature Profile,DEGC,25-10-2025 11:34,132.1167801,133.8666667,1.93768997,135
APH Outlet temperature,Flue Gas Temperature Profile,DEGC,25-10-2025 11:33,135.1153133,133.8666667,1.93768997,135
APH Outlet temperature,Flue Gas Temperature Profile,DEGC,25-10-2025 11:32,136.5567315,133.8666667,1.93768997,135
APH Outlet temperature,Flue Gas Temperature Profile,DEGC,25-10-2025 11:31,137.9303914,133.8666667,1.93768997,135
APH Outlet temperature,Flue Gas Temperature Profile,DEGC,25-10-2025 11:30,136.9602713,133.8666667,1.93768997,135
APH Outlet temperature,Flue Gas Temperature Profile,DEGC,25-10-2025 11:29,133.2519438,133.8666667,1.93768997,135
APH Outlet temperature,Flue Gas Temperature Profile,DEGC,25-10-2025 11:28,129.4543703,133.8666667,1.93768997,135
APH Outlet temperature,Flue Gas Temperature Profile,DEGC,25-10-2025 11:27,125.1015825,133.8666667,1.93768997,135
APH Outlet temperature,Flue Gas Temperature Profile,DEGC,25-10-2025 11:26,127.7057167,133.8666667,1.93768997,135
APH Outlet temperature,Flue Gas Temperature Profile,DEGC,25-10-2025 11:25,129.9034412,133.8666667,1.93768997,135
APH Outlet temperature,Flue Gas Temperature Profile,DEGC,25-10-2025 11:24,129.7340868,133.8666667,1.93768997,135
APH Outlet temperature,Flue Gas Temperature Profile,DEGC,25-10-2025 11:23,127.3947471,133.8666667,1.93768997,135
APH Outlet temperature,Flue Gas Temperature Profile,DEGC,25-10-2025 11:22,125.2797,133.8666667,1.93768997,135
APH Outlet temperature,Flue Gas Temperature Profile,DEGC,25-10-2025 11:21,125.3570042,133.8666667,1.93768997,135
APH Outlet temperature,Flue Gas Temperature Profile,DEGC,25-10-2025 11:20,127.9535878,133.8666667,1.93768997,135
APH Outlet temperature,Flue Gas Temperature Profile,DEGC,25-10-2025 11:19,132.8952686,133.8666667,1.93768997,135
APH Outlet temperature,Flue Gas Temperature Profile,DEGC,25-10-2025 11:18,138.327551,133.8666667,1.93768997,135
APH Outlet temperature,Flue Gas Temperature Profile,DEGC,25-10-2025 11:17,140.9073689,133.8666667,1.93768997,135
APH Outlet temperature,Flue Gas Temperature Profile,DEGC,25-10-2025 11:16,137.8877478,133.8666667,1.93768997,135
APH Outlet temperature,Flue Gas Temperature Profile,DEGC,25-10-2025 11:15,135.0182273,133.8666667,1.93768997,135
APH Outlet temperature,Flue Gas Temperature Profile,DEGC,25-10-2025 11:14,132.3319262,133.8666667,1.93768997,135
APH Outlet temperature,Flue Gas Temperature Profile,DEGC,25-10-2025 11:13,135.2339731,133.8666667,1.93768997,135
APH Outlet temperature,Flue Gas Temperature Profile,DEGC,25-10-2025 11:12,132.5047875,133.8666667,1.93768997,135
APH Outlet temperature,Flue Gas Temperature Profile,DEGC,25-10-2025 11:11,132.1244854,133.8666667,1.93768997,135
APH Outlet temperature,Flue Gas Temperature Profile,DEGC,25-10-2025 11:10,129.3626209,133.8666667,1.93768997,135
APH Outlet temperature,Flue Gas Temperature Profile,DEGC,25-10-2025 11:09,132.0444167,133.8666667,1.93768997,135
APH Outlet temperature,Flue Gas Temperature Profile,DEGC,25-10-2025 11:08,129.7860492,133.8666667,1.93768997,135
APH Outlet temperature,Flue Gas Temperature Profile,DEGC,25-10-2025 11:07,127.698279,133.8666667,1.93768997,135
APH Outlet temperature,Flue Gas Temperature Profile,DEGC,25-10-2025 11:06,125.0887955,133.8666667,1.93768997,135
APH Outlet temperature,Flue Gas Temperature Profile,DEGC,25-10-2025 11:05,127.4377061,133.8666667,1.93768997,135
APH Outlet temperature,Flue Gas Temperature Profile,DEGC,25-10-2025 11:04,130.699297,133.8666667,1.93768997,135
APH Outlet temperature,Flue Gas Temperature Profile,DEGC,25-10-2025 11:03,134.2968741,133.8666667,1.93768997,135
APH Outlet temperature,Flue Gas Temperature Profile,DEGC,25-10-2025 11:02,135.8077041,133.8666667,1.93768997,135
APH Outlet temperature,Flue Gas Temperature Profile,DEGC,25-10-2025 11:01,136.6190645,133.8666667,1.93768997,135
APH Outlet temperature,Flue Gas Temperature Profile,DEGC,25-10-2025 11:00,135.558114,133.8666667,1.93768997,135
Bed Height,Flue Gas Temperature Profile,MMWC,25-10-2025 12:59,888.227013,892.9733333,12.72796353,920
Bed Height,Flue Gas Temperature Profile,MMWC,25-10-2025 12:58,897.3416747,892.9733333,12.72796353,920
Bed Height,Flue Gas Temperature Profile,MMWC,25-10-2025 12:57,909.8642719,892.9733333,12.72796353,920
Bed Height,Flue Gas Temperature Profile,MMWC,25-10-2025 12:56,909.6642115,892.9733333,12.72796353,920
Bed Height,Flue Gas Temperature Profile,MMWC,25-10-2025 12:55,904.3860449,892.9733333,12.72796353,920
Bed Height,Flue Gas Temperature Profile,MMWC,25-10-2025 12:54,898.7874661,892.9733333,12.72796353,920
Bed Height,Flue Gas Temperature Profile,MMWC,25-10-2025 12:53,886.9739637,892.9733333,12.72796353,920
Bed Height,Flue Gas Temperature Profile,MMWC,25-10-2025 12:52,883.2493371,892.9733333,12.72796353,920
Bed Height,Flue Gas Temperature Profile,MMWC,25-10-2025 12:51,881.9693669,892.9733333,12.72796353,920
Bed Height,Flue Gas Temperature Profile,MMWC,25-10-2025 12:50,895.0961662,892.9733333,12.72796353,920
Bed Height,Flue Gas Temperature Profile,MMWC,25-10-2025 12:49,899.51242,892.9733333,12.72796353,920
Bed Height,Flue Gas Temperature Profile,MMWC,25-10-2025 12:48,910.4737329,892.9733333,12.72796353,920
Bed Height,Flue Gas Temperature Profile,MMWC,25-10-2025 12:47,906.3158971,892.9733333,12.72796353,920
Bed Height,Flue Gas Temperature Profile,MMWC,25-10-2025 12:46,904.9137242,892.9733333,12.72796353,920
Bed Height,Flue Gas Temperature Profile,MMWC,25-10-2025 12:45,894.3710961,892.9733333,12.72796353,920
Bed Height,Flue Gas Temperature Profile,MMWC,25-10-2025 12:44,892.3389547,892.9733333,12.72796353,920
Bed Height,Flue Gas Temperature Profile,MMWC,25-10-2025 12:43,892.2673051,892.9733333,12.72796353,920
Bed Height,Flue Gas Temperature Profile,MMWC,25-10-2025 12:42,898.2422117,892.9733333,12.72796353,920
Bed Height,Flue Gas Temperature Profile,MMWC,25-10-2025 12:41,909.9399137,892.9733333,12.72796353,920
Bed Height,Flue Gas Temperature Profile,MMWC,25-10-2025 12:40,916.0696743,892.9733333,12.72796353,920
Bed Height,Flue Gas Temperature Profile,MMWC,25-10-2025 12:39,920.4459141,892.9733333,12.72796353,920
Bed Height,Flue Gas Temperature Profile,MMWC,25-10-2025 12:38,911.1419854,892.9733333,12.72796353,920
Bed Height,Flue Gas Temperature Profile,MMWC,25-10-2025 12:37,904.7544881,892.9733333,12.72796353,920
Bed Height,Flue Gas Temperature Profile,MMWC,25-10-2025 12:36,888.5597244,892.9733333,12.72796353,920
Bed Height,Flue Gas Temperature Profile,MMWC,25-10-2025 12:35,891.6279673,892.9733333,12.72796353,920
Bed Height,Flue Gas Temperature Profile,MMWC,25-10-2025 12:34,898.230549,892.9733333,12.72796353,920
Bed Height,Flue Gas Temperature Profile,MMWC,25-10-2025 12:33,909.6716598,892.9733333,12.72796353,920
Bed Height,Flue Gas Temperature Profile,MMWC,25-10-2025 12:32,909.7529352,892.9733333,12.72796353,920
Bed Height,Flue Gas Temperature Profile,MMWC,25-10-2025 12:31,904.1432233,892.9733333,12.72796353,920
Bed Height,Flue Gas Temperature Profile,MMWC,25-10-2025 12:30,900.5119789,892.9733333,12.72796353,920
Bed Height,Flue Gas Temperature Profile,MMWC,25-10-2025 12:29,888.20339,892.9733333,12.72796353,920
Bed Height,Flue Gas Temperature Profile,MMWC,25-10-2025 12:28,881.0357,892.9733333,12.72796353,920
Bed Height,Flue Gas Temperature Profile,MMWC,25-10-2025 12:27,883.6782452,892.9733333,12.72796353,920
Bed Height,Flue Gas Temperature Profile,MMWC,25-10-2025 12:26,892.0277616,892.9733333,12.72796353,920
Bed Height,Flue Gas Temperature Profile,MMWC,25-10-2025 12:25,891.8498277,892.9733333,12.72796353,920
Bed Height,Flue Gas Temperature Profile,MMWC,25-10-2025 12:24,886.7752213,892.9733333,12.72796353,920
Bed Height,Flue Gas Temperature Profile,MMWC,25-10-2025 12:23,896.8466099,892.9733333,12.72796353,920
Bed Height,Flue Gas Temperature Profile,MMWC,25-10-2025 12:22,909.6159258,892.9733333,12.72796353,920
Bed Height,Flue Gas Temperature Profile,MMWC,25-10-2025 12:21,920.3879842,892.9733333,12.72796353,920
Bed Height,Flue Gas Temperature Profile,MMWC,25-10-2025 12:20,919.9047726,892.9733333,12.72796353,920
Bed Height,Flue Gas Temperature Profile,MMWC,25-10-2025 12:19,924.1362581,892.9733333,12.72796353,920
Bed Height,Flue Gas Temperature Profile,MMWC,25-10-2025 12:18,911.1928053,892.9733333,12.72796353,920
Bed Height,Flue Gas Temperature Profile,MMWC,25-10-2025 12:17,905.3427126,892.9733333,12.72796353,920
Bed Height,Flue Gas Temperature Profile,MMWC,25-10-2025 12:16,900.9738443,892.9733333,12.72796353,920
Bed Height,Flue Gas Temperature Profile,MMWC,25-10-2025 12:15,909.124991,892.9733333,12.72796353,920
Bed Height,Flue Gas Temperature Profile,MMWC,25-10-2025 12:14,919.9356395,892.9733333,12.72796353,920
Bed Height,Flue Gas Temperature Profile,MMWC,25-10-2025 12:13,911.0470909,892.9733333,12.72796353,920
Bed Height,Flue Gas Temperature Profile,MMWC,25-10-2025 12:12,906.1396657,892.9733333,12.72796353,920
Bed Height,Flue Gas Temperature Profile,MMWC,25-10-2025 12:11,896.6900254,892.9733333,12.72796353,920
Bed Height,Flue Gas Temperature Profile,MMWC,25-10-2025 12:10,887.0331487,892.9733333,12.72796353,920
Bed Height,Flue Gas Temperature Profile,MMWC,25-10-2025 12:09,873.551879,892.9733333,12.72796353,920
Bed Height,Flue Gas Temperature Profile,MMWC,25-10-2025 12:08,876.4975011,892.9733333,12.72796353,920
Bed Height,Flue Gas Temperature Profile,MMWC,25-10-2025 12:07,885.8342204,892.9733333,12.72796353,920
Bed Height,Flue Gas Temperature Profile,MMWC,25-10-2025 12:06,891.2592258,892.9733333,12.72796353,920
Bed Height,Flue Gas Temperature Profile,MMWC,25-10-2025 12:05,881.9429493,892.9733333,12.72796353,920
Bed Height,Flue Gas Temperature Profile,MMWC,25-10-2025 12:04,888.5970794,892.9733333,12.72796353,920
Bed Height,Flue Gas Temperature Profile,MMWC,25-10-2025 12:03,891.6170154,892.9733333,12.72796353,920
Bed Height,Flue Gas Temperature Profile,MMWC,25-10-2025 12:02,889.4084789,892.9733333,12.72796353,920
Bed Height,Flue Gas Temperature Profile,MMWC,25-10-2025 12:01,880.6822879,892.9733333,12.72796353,920
Bed Height,Flue Gas Temperature Profile,MMWC,25-10-2025 12:00,886.3804651,892.9733333,12.72796353,920
Bed Height,Flue Gas Temperature Profile,MMWC,25-10-2025 11:59,881.5205457,892.9733333,12.72796353,920
Bed Height,Flue Gas Temperature Profile,MMWC,25-10-2025 11:58,873.6361323,892.9733333,12.72796353,920
Bed Height,Flue Gas Temperature Profile,MMWC,25-10-2025 11:57,865.0643515,892.9733333,12.72796353,920
Bed Height,Flue Gas Temperature Profile,MMWC,25-10-2025 11:56,874.0332036,892.9733333,12.72796353,920
Bed Height,Flue Gas Temperature Profile,MMWC,25-10-2025 11:55,887.070731,892.9733333,12.72796353,920
Bed Height,Flue Gas Temperature Profile,MMWC,25-10-2025 11:54,894.2182538,892.9733333,12.72796353,920
Bed Height,Flue Gas Temperature Profile,MMWC,25-10-2025 11:53,898.7642757,892.9733333,12.72796353,920
Bed Height,Flue Gas Temperature Profile,MMWC,25-10-2025 11:52,898.6472298,892.9733333,12.72796353,920
Bed Height,Flue Gas Temperature Profile,MMWC,25-10-2025 11:51,904.4460838,892.9733333,12.72796353,920
Bed Height,Flue Gas Temperature Profile,MMWC,25-10-2025 11:50,909.2259928,892.9733333,12.72796353,920
Bed Height,Flue Gas Temperature Profile,MMWC,25-10-2025 11:49,919.685872,892.9733333,12.72796353,920
Bed Height,Flue Gas Temperature Profile,MMWC,25-10-2025 11:48,910.7802221,892.9733333,12.72796353,920
Bed Height,Flue Gas Temperature Profile,MMWC,25-10-2025 11:47,904.4162482,892.9733333,12.72796353,920
Bed Height,Flue Gas Temperature Profile,MMWC,25-10-2025 11:46,895.0385765,892.9733333,12.72796353,920
Bed Height,Flue Gas Temperature Profile,MMWC,25-10-2025 11:45,899.3899006,892.9733333,12.72796353,920
Bed Height,Flue Gas Temperature Profile,MMWC,25-10-2025 11:44,896.8980626,892.9733333,12.72796353,920
Bed Height,Flue Gas Temperature Profile,MMWC,25-10-2025 11:43,896.312892,892.9733333,12.72796353,920
Bed Height,Flue Gas Temperature Profile,MMWC,25-10-2025 11:42,894.9306365,892.9733333,12.72796353,920
Bed Height,Flue Gas Temperature Profile,MMWC,25-10-2025 11:41,898.6880228,892.9733333,12.72796353,920
Bed Height,Flue Gas Temperature Profile,MMWC,25-10-2025 11:40,885.337207,892.9733333,12.72796353,920
Bed Height,Flue Gas Temperature Profile,MMWC,25-10-2025 11:39,878.2426573,892.9733333,12.72796353,920
Bed Height,Flue Gas Temperature Profile,MMWC,25-10-2025 11:38,880.7446998,892.9733333,12.72796353,920
Bed Height,Flue Gas Temperature Profile,MMWC,25-10-2025 11:37,889.9334952,892.9733333,12.72796353,920
Bed Height,Flue Gas Temperature Profile,MMWC,25-10-2025 11:36,890.8000273,892.9733333,12.72796353,920
Bed Height,Flue Gas Temperature Profile,MMWC,25-10-2025 11:35,891.6411669,892.9733333,12.72796353,920
Bed Height,Flue Gas Temperature Profile,MMWC,25-10-2025 11:34,891.1797114,892.9733333,12.72796353,920
Bed Height,Flue Gas Temperature Profile,MMWC,25-10-2025 11:33,890.5144523,892.9733333,12.72796353,920
Bed Height,Flue Gas Temperature Profile,MMWC,25-10-2025 11:32,873.3729839,892.9733333,12.72796353,920
Bed Height,Flue Gas Temperature Profile,MMWC,25-10-2025 11:31,871.4045356,892.9733333,12.72796353,920
Bed Height,Flue Gas Temperature Profile,MMWC,25-10-2025 11:30,882.5712896,892.9733333,12.72796353,920
Bed Height,Flue Gas Temperature Profile,MMWC,25-10-2025 11:29,891.5651049,892.9733333,12.72796353,920
Bed Height,Flue Gas Temperature Profile,MMWC,25-10-2025 11:28,898.5325512,892.9733333,12.72796353,920
Bed Height,Flue Gas Temperature Profile,MMWC,25-10-2025 11:27,895.963499,892.9733333,12.72796353,920
Bed Height,Flue Gas Temperature Profile,MMWC,25-10-2025 11:26,888.0040895,892.9733333,12.72796353,920
Bed Height,Flue Gas Temperature Profile,MMWC,25-10-2025 11:25,874.3453272,892.9733333,12.72796353,920
Bed Height,Flue Gas Temperature Profile,MMWC,25-10-2025 11:24,859.994878,892.9733333,12.72796353,920
Bed Height,Flue Gas Temperature Profile,MMWC,25-10-2025 11:23,864.4537203,892.9733333,12.72796353,920
Bed Height,Flue Gas Temperature Profile,MMWC,25-10-2025 11:22,881.580391,892.9733333,12.72796353,920
Bed Height,Flue Gas Temperature Profile,MMWC,25-10-2025 11:21,890.4078482,892.9733333,12.72796353,920
Bed Height,Flue Gas Temperature Profile,MMWC,25-10-2025 11:20,885.2319296,892.9733333,12.72796353,920
Bed Height,Flue Gas Temperature Profile,MMWC,25-10-2025 11:19,868.3229107,892.9733333,12.72796353,920
Bed Height,Flue Gas Temperature Profile,MMWC,25-10-2025 11:18,866.1328246,892.9733333,12.72796353,920
Bed Height,Flue Gas Temperature Profile,MMWC,25-10-2025 11:17,882.3351537,892.9733333,12.72796353,920
Bed Height,Flue Gas Temperature Profile,MMWC,25-10-2025 11:16,891.6925325,892.9733333,12.72796353,920
Bed Height,Flue Gas Temperature Profile,MMWC,25-10-2025 11:15,890.3216743,892.9733333,12.72796353,920
Bed Height,Flue Gas Temperature Profile,MMWC,25-10-2025 11:14,880.5450053,892.9733333,12.72796353,920
Bed Height,Flue Gas Temperature Profile,MMWC,25-10-2025 11:13,883.7749156,892.9733333,12.72796353,920
Bed Height,Flue Gas Temperature Profile,MMWC,25-10-2025 11:12,878.6479439,892.9733333,12.72796353,920
Bed Height,Flue Gas Temperature Profile,MMWC,25-10-2025 11:11,877.7446623,892.9733333,12.72796353,920
Bed Height,Flue Gas Temperature Profile,MMWC,25-10-2025 11:10,882.2945958,892.9733333,12.72796353,920
Bed Height,Flue Gas Temperature Profile,MMWC,25-10-2025 11:09,891.2367034,892.9733333,12.72796353,920
Bed Height,Flue Gas Temperature Profile,MMWC,25-10-2025 11:08,898.9860667,892.9733333,12.72796353,920
Bed Height,Flue Gas Temperature Profile,MMWC,25-10-2025 11:07,895.6330839,892.9733333,12.72796353,920
Bed Height,Flue Gas Temperature Profile,MMWC,25-10-2025 11:06,886.6550082,892.9733333,12.72796353,920
Bed Height,Flue Gas Temperature Profile,MMWC,25-10-2025 11:05,873.2493954,892.9733333,12.72796353,920
Bed Height,Flue Gas Temperature Profile,MMWC,25-10-2025 11:04,876.1382541,892.9733333,12.72796353,920
Bed Height,Flue Gas Temperature Profile,MMWC,25-10-2025 11:03,885.0764125,892.9733333,12.72796353,920
Bed Height,Flue Gas Temperature Profile,MMWC,25-10-2025 11:02,890.2051226,892.9733333,12.72796353,920
Bed Height,Flue Gas Temperature Profile,MMWC,25-10-2025 11:01,880.5699982,892.9733333,12.72796353,920
Bed Height,Flue Gas Temperature Profile,MMWC,25-10-2025 11:00,871.6247055,892.9733333,12.72796353,920
Bed Temperature,Flue Gas Temperature Profile,DEGC,25-10-2025 12:59,892.051791,888.9333333,3.736068896,850
Bed Temperature,Flue Gas Temperature Profile,DEGC,25-10-2025 12:58,890.203788,888.9333333,3.736068896,850
Bed Temperature,Flue Gas Temperature Profile,DEGC,25-10-2025 12:57,886.6664643,888.9333333,3.736068896,850
Bed Temperature,Flue Gas Temperature Profile,DEGC,25-10-2025 12:56,889.8186268,888.9333333,3.736068896,850
Bed Temperature,Flue Gas Temperature Profile,DEGC,25-10-2025 12:55,894.9009568,888.9333333,3.736068896,850
Bed Temperature,Flue Gas Temperature Profile,DEGC,25-10-2025 12:54,899.5748945,888.9333333,3.736068896,850
Bed Temperature,Flue Gas Temperature Profile,DEGC,25-10-2025 12:53,900.1657419,888.9333333,3.736068896,850
Bed Temperature,Flue Gas Temperature Profile,DEGC,25-10-2025 12:52,898.0883816,888.9333333,3.736068896,850
Bed Temperature,Flue Gas Temperature Profile,DEGC,25-10-2025 12:51,898.4112498,888.9333333,3.736068896,850
Bed Temperature,Flue Gas Temperature Profile,DEGC,25-10-2025 12:50,899.7306716,888.9333333,3.736068896,850
Bed Temperature,Flue Gas Temperature Profile,DEGC,25-10-2025 12:49,900.6945263,888.9333333,3.736068896,850
Bed Temperature,Flue Gas Temperature Profile,DEGC,25-10-2025 12:48,900.70313,888.9333333,3.736068896,850
Bed Temperature,Flue Gas Temperature Profile,DEGC,25-10-2025 12:47,900.7463693,888.9333333,3.736068896,850
Bed Temperature,Flue Gas Temperature Profile,DEGC,25-10-2025 12:46,900.6722503,888.9333333,3.736068896,850
Bed Temperature,Flue Gas Temperature Profile,DEGC,25-10-2025 12:45,895.3570605,888.9333333,3.736068896,850
Bed Temperature,Flue Gas Temperature Profile,DEGC,25-10-2025 12:44,895.408864,888.9333333,3.736068896,850
Bed Temperature,Flue Gas Temperature Profile,DEGC,25-10-2025 12:43,895.5479217,888.9333333,3.736068896,850
Bed Temperature,Flue Gas Temperature Profile,DEGC,25-10-2025 12:42,895.6099949,888.9333333,3.736068896,850
Bed Temperature,Flue Gas Temperature Profile,DEGC,25-10-2025 12:41,890.346328,888.9333333,3.736068896,850
Bed Temperature,Flue Gas Temperature Profile,DEGC,25-10-2025 12:40,889.6254378,888.9333333,3.736068896,850
Bed Temperature,Flue Gas Temperature Profile,DEGC,25-10-2025 12:39,895.0749658,888.9333333,3.736068896,850
Bed Temperature,Flue Gas Temperature Profile,DEGC,25-10-2025 12:38,900.3957146,888.9333333,3.736068896,850
Bed Temperature,Flue Gas Temperature Profile,DEGC,25-10-2025 12:37,901.1240263,888.9333333,3.736068896,850
Bed Temperature,Flue Gas Temperature Profile,DEGC,25-10-2025 12:36,899.2168078,888.9333333,3.736068896,850
Bed Temperature,Flue Gas Temperature Profile,DEGC,25-10-2025 12:35,897.4142646,888.9333333,3.736068896,850
Bed Temperature,Flue Gas Temperature Profile,DEGC,25-10-2025 12:34,898.5642512,888.9333333,3.736068896,850
Bed Temperature,Flue Gas Temperature Profile,DEGC,25-10-2025 12:33,900.1868662,888.9333333,3.736068896,850
Bed Temperature,Flue Gas Temperature Profile,DEGC,25-10-2025 12:32,895.7454156,888.9333333,3.736068896,850
Bed Temperature,Flue Gas Temperature Profile,DEGC,25-10-2025 12:31,888.5201467,888.9333333,3.736068896,850
Bed Temperature,Flue Gas Temperature Profile,DEGC,25-10-2025 12:30,881.4273711,888.9333333,3.736068896,850
Bed Temperature,Flue Gas Temperature Profile,DEGC,25-10-2025 12:29,885.8875288,888.9333333,3.736068896,850
Bed Temperature,Flue Gas Temperature Profile,DEGC,25-10-2025 12:28,886.3728949,888.9333333,3.736068896,850
Bed Temperature,Flue Gas Temperature Profile,DEGC,25-10-2025 12:27,888.2679977,888.9333333,3.736068896,850
Bed Temperature,Flue Gas Temperature Profile,DEGC,25-10-2025 12:26,883.6899792,888.9333333,3.736068896,850
Bed Temperature,Flue Gas Temperature Profile,DEGC,25-10-2025 12:25,883.2757173,888.9333333,3.736068896,850
Bed Temperature,Flue Gas Temperature Profile,DEGC,25-10-2025 12:24,881.4896052,888.9333333,3.736068896,850
Bed Temperature,Flue Gas Temperature Profile,DEGC,25-10-2025 12:23,880.794893,888.9333333,3.736068896,850
Bed Temperature,Flue Gas Temperature Profile,DEGC,25-10-2025 12:22,886.3242539,888.9333333,3.736068896,850
Bed Temperature,Flue Gas Temperature Profile,DEGC,25-10-2025 12:21,891.365991,888.9333333,3.736068896,850
Bed Temperature,Flue Gas Temperature Profile,DEGC,25-10-2025 12:20,896.2101551,888.9333333,3.736068896,850
Bed Temperature,Flue Gas Temperature Profile,DEGC,25-10-2025 12:19,897.9605357,888.9333333,3.736068896,850
Bed Temperature,Flue Gas Temperature Profile,DEGC,25-10-2025 12:18,899.7978953,888.9333333,3.736068896,850
Bed Temperature,Flue Gas Temperature Profile,DEGC,25-10-2025 12:17,900.5618036,888.9333333,3.736068896,850
Bed Temperature,Flue Gas Temperature Profile,DEGC,25-10-2025 12:16,893.1810195,888.9333333,3.736068896,850
Bed Temperature,Flue Gas Temperature Profile,DEGC,25-10-2025 12:15,886.4785991,888.9333333,3.736068896,850
Bed Temperature,Flue Gas Temperature Profile,DEGC,25-10-2025 12:14,886.3603717,888.9333333,3.736068896,850
Bed Temperature,Flue Gas Temperature Profile,DEGC,25-10-2025 12:13,891.6456157,888.9333333,3.736068896,850
Bed Temperature,Flue Gas Temperature Profile,DEGC,25-10-2025 12:12,892.399638,888.9333333,3.736068896,850
Bed Temperature,Flue Gas Temperature Profile,DEGC,25-10-2025 12:11,886.955081,888.9333333,3.736068896,850
Bed Temperature,Flue Gas Temperature Profile,DEGC,25-10-2025 12:10,881.8138678,888.9333333,3.736068896,850
Bed Temperature,Flue Gas Temperature Profile,DEGC,25-10-2025 12:09,886.2329478,888.9333333,3.736068896,850
Bed Temperature,Flue Gas Temperature Profile,DEGC,25-10-2025 12:08,886.8344063,888.9333333,3.736068896,850
Bed Temperature,Flue Gas Temperature Profile,DEGC,25-10-2025 12:07,886.8802341,888.9333333,3.736068896,850
Bed Temperature,Flue Gas Temperature Profile,DEGC,25-10-2025 12:06,881.5718345,888.9333333,3.736068896,850
Bed Temperature,Flue Gas Temperature Profile,DEGC,25-10-2025 12:05,886.3523358,888.9333333,3.736068896,850
Bed Temperature,Flue Gas Temperature Profile,DEGC,25-10-2025 12:04,887.1055456,888.9333333,3.736068896,850
Bed Temperature,Flue Gas Temperature Profile,DEGC,25-10-2025 12:03,887.146112,888.9333333,3.736068896,850
Bed Temperature,Flue Gas Temperature Profile,DEGC,25-10-2025 12:02,881.5980255,888.9333333,3.736068896,850
Bed Temperature,Flue Gas Temperature Profile,DEGC,25-10-2025 12:01,886.2281687,888.9333333,3.736068896,850
Bed Temperature,Flue Gas Temperature Profile,DEGC,25-10-2025 12:00,886.4704353,888.9333333,3.736068896,850
Bed Temperature,Flue Gas Temperature Profile,DEGC,25-10-2025 11:59,888.1152319,888.9333333,3.736068896,850
Bed Temperature,Flue Gas Temperature Profile,DEGC,25-10-2025 11:58,883.0964221,888.9333333,3.736068896,850
Bed Temperature,Flue Gas Temperature Profile,DEGC,25-10-2025 11:57,884.5828456,888.9333333,3.736068896,850
Bed Temperature,Flue Gas Temperature Profile,DEGC,25-10-2025 11:56,890.2510093,888.9333333,3.736068896,850
Bed Temperature,Flue Gas Temperature Profile,DEGC,25-10-2025 11:55,896.824848,888.9333333,3.736068896,850
Bed Temperature,Flue Gas Temperature Profile,DEGC,25-10-2025 11:54,900.55666,888.9333333,3.736068896,850
Bed Temperature,Flue Gas Temperature Profile,DEGC,25-10-2025 11:53,895.0686602,888.9333333,3.736068896,850
Bed Temperature,Flue Gas Temperature Profile,DEGC,25-10-2025 11:52,890.0884248,888.9333333,3.736068896,850
Bed Temperature,Flue Gas Temperature Profile,DEGC,25-10-2025 11:51,884.9233532,888.9333333,3.736068896,850
Bed Temperature,Flue Gas Temperature Profile,DEGC,25-10-2025 11:50,884.5499566,888.9333333,3.736068896,850
Bed Temperature,Flue Gas Temperature Profile,DEGC,25-10-2025 11:49,882.8868334,888.9333333,3.736068896,850
Bed Temperature,Flue Gas Temperature Profile,DEGC,25-10-2025 11:48,884.6078062,888.9333333,3.736068896,850
Bed Temperature,Flue Gas Temperature Profile,DEGC,25-10-2025 11:47,883.6096889,888.9333333,3.736068896,850
Bed Temperature,Flue Gas Temperature Profile,DEGC,25-10-2025 11:46,884.6935975,888.9333333,3.736068896,850
Bed Temperature,Flue Gas Temperature Profile,DEGC,25-10-2025 11:45,883.0543757,888.9333333,3.736068896,850
Bed Temperature,Flue Gas Temperature Profile,DEGC,25-10-2025 11:44,887.7791456,888.9333333,3.736068896,850
Bed Temperature,Flue Gas Temperature Profile,DEGC,25-10-2025 11:43,893.3450605,888.9333333,3.736068896,850
Bed Temperature,Flue Gas Temperature Profile,DEGC,25-10-2025 11:42,899.7826496,888.9333333,3.736068896,850
Bed Temperature,Flue Gas Temperature Profile,DEGC,25-10-2025 11:41,900.1955474,888.9333333,3.736068896,850
Bed Temperature,Flue Gas Temperature Profile,DEGC,25-10-2025 11:40,895.4692567,888.9333333,3.736068896,850
Bed Temperature,Flue Gas Temperature Profile,DEGC,25-10-2025 11:39,888.809236,888.9333333,3.736068896,850
Bed Temperature,Flue Gas Temperature Profile,DEGC,25-10-2025 11:38,884.6182539,888.9333333,3.736068896,850
Bed Temperature,Flue Gas Temperature Profile,DEGC,25-10-2025 11:37,882.6440573,888.9333333,3.736068896,850
Bed Temperature,Flue Gas Temperature Profile,DEGC,25-10-2025 11:36,883.2506545,888.9333333,3.736068896,850
Bed Temperature,Flue Gas Temperature Profile,DEGC,25-10-2025 11:35,882.0188021,888.9333333,3.736068896,850
Bed Temperature,Flue Gas Temperature Profile,DEGC,25-10-2025 11:34,881.6224601,888.9333333,3.736068896,850
Bed Temperature,Flue Gas Temperature Profile,DEGC,25-10-2025 11:33,886.0578327,888.9333333,3.736068896,850
Bed Temperature,Flue Gas Temperature Profile,DEGC,25-10-2025 11:32,886.2386533,888.9333333,3.736068896,850
Bed Temperature,Flue Gas Temperature Profile,DEGC,25-10-2025 11:31,891.7579105,888.9333333,3.736068896,850
Bed Temperature,Flue Gas Temperature Profile,DEGC,25-10-2025 11:30,891.3346971,888.9333333,3.736068896,850
Bed Temperature,Flue Gas Temperature Profile,DEGC,25-10-2025 11:29,898.2764441,888.9333333,3.736068896,850
Bed Temperature,Flue Gas Temperature Profile,DEGC,25-10-2025 11:28,899.8566161,888.9333333,3.736068896,850
Bed Temperature,Flue Gas Temperature Profile,DEGC,25-10-2025 11:27,900.6521894,888.9333333,3.736068896,850
Bed Temperature,Flue Gas Temperature Profile,DEGC,25-10-2025 11:26,895.5466861,888.9333333,3.736068896,850
Bed Temperature,Flue Gas Temperature Profile,DEGC,25-10-2025 11:25,890.2353174,888.9333333,3.736068896,850
Bed Temperature,Flue Gas Temperature Profile,DEGC,25-10-2025 11:24,886.5911358,888.9333333,3.736068896,850
Bed Temperature,Flue Gas Temperature Profile,DEGC,25-10-2025 11:23,884.9090139,888.9333333,3.736068896,850
Bed Temperature,Flue Gas Temperature Profile,DEGC,25-10-2025 11:22,884.745564,888.9333333,3.736068896,850
Bed Temperature,Flue Gas Temperature Profile,DEGC,25-10-2025 11:21,883.4692964,888.9333333,3.736068896,850
Bed Temperature,Flue Gas Temperature Profile,DEGC,25-10-2025 11:20,888.3820523,888.9333333,3.736068896,850
Bed Temperature,Flue Gas Temperature Profile,DEGC,25-10-2025 11:19,891.7835928,888.9333333,3.736068896,850
Bed Temperature,Flue Gas Temperature Profile,DEGC,25-10-2025 11:18,898.0490081,888.9333333,3.736068896,850
Bed Temperature,Flue Gas Temperature Profile,DEGC,25-10-2025 11:17,899.8405558,888.9333333,3.736068896,850
Bed Temperature,Flue Gas Temperature Profile,DEGC,25-10-2025 11:16,895.4111926,888.9333333,3.736068896,850
Bed Temperature,Flue Gas Temperature Profile,DEGC,25-10-2025 11:15,890.0143519,888.9333333,3.736068896,850
Bed Temperature,Flue Gas Temperature Profile,DEGC,25-10-2025 11:14,883.1812252,888.9333333,3.736068896,850
Bed Temperature,Flue Gas Temperature Profile,DEGC,25-10-2025 11:13,884.396034,888.9333333,3.736068896,850
Bed Temperature,Flue Gas Temperature Profile,DEGC,25-10-2025 11:12,884.3857568,888.9333333,3.736068896,850
Bed Temperature,Flue Gas Temperature Profile,DEGC,25-10-2025 11:11,885.7144147,888.9333333,3.736068896,850
Bed Temperature,Flue Gas Temperature Profile,DEGC,25-10-2025 11:10,886.2762654,888.9333333,3.736068896,850
Bed Temperature,Flue Gas Temperature Profile,DEGC,25-10-2025 11:09,885.0112883,888.9333333,3.736068896,850
Bed Temperature,Flue Gas Temperature Profile,DEGC,25-10-2025 11:08,884.1815415,888.9333333,3.736068896,850
Bed Temperature,Flue Gas Temperature Profile,DEGC,25-10-2025 11:07,881.8348375,888.9333333,3.736068896,850
Bed Temperature,Flue Gas Temperature Profile,DEGC,25-10-2025 11:06,881.6815512,888.9333333,3.736068896,850
Bed Temperature,Flue Gas Temperature Profile,DEGC,25-10-2025 11:05,886.2227036,888.9333333,3.736068896,850
Bed Temperature,Flue Gas Temperature Profile,DEGC,25-10-2025 11:04,886.9778263,888.9333333,3.736068896,850
Bed Temperature,Flue Gas Temperature Profile,DEGC,25-10-2025 11:03,886.7896898,888.9333333,3.736068896,850
Bed Temperature,Flue Gas Temperature Profile,DEGC,25-10-2025 11:02,881.5292194,888.9333333,3.736068896,850
Bed Temperature,Flue Gas Temperature Profile,DEGC,25-10-2025 11:01,886.4807361,888.9333333,3.736068896,850
Bed Temperature,Flue Gas Temperature Profile,DEGC,25-10-2025 11:00,893.4657643,888.9333333,3.736068896,850
SH3 outlet temperature,Water Steam Temperature Profile,DEGC,25-10-2025 12:59,525.0871656,523.2,2.216312057,515
SH3 outlet temperature,Water Steam Temperature Profile,DEGC,25-10-2025 12:58,524.6832548,523.2,2.216312057,515
SH3 outlet temperature,Water Steam Temperature Profile,DEGC,25-10-2025 12:57,522.3307631,523.2,2.216312057,515
SH3 outlet temperature,Water Steam Temperature Profile,DEGC,25-10-2025 12:56,522.3166011,523.2,2.216312057,515
SH3 outlet temperature,Water Steam Temperature Profile,DEGC,25-10-2025 12:55,522.4488109,523.2,2.216312057,515
SH3 outlet temperature,Water Steam Temperature Profile,DEGC,25-10-2025 12:54,523.7816751,523.2,2.216312057,515
SH3 outlet temperature,Water Steam Temperature Profile,DEGC,25-10-2025 12:53,524.1346648,523.2,2.216312057,515
SH3 outlet temperature,Water Steam Temperature Profile,DEGC,25-10-2025 12:52,523.3508124,523.2,2.216312057,515
SH3 outlet temperature,Water Steam Temperature Profile,DEGC,25-10-2025 12:51,524.72365,523.2,2.216312057,515
SH3 outlet temperature,Water Steam Temperature Profile,DEGC,25-10-2025 12:50,525.7260492,523.2,2.216312057,515
SH3 outlet temperature,Water Steam Temperature Profile,DEGC,25-10-2025 12:49,526.0731751,523.2,2.216312057,515
SH3 outlet temperature,Water Steam Temperature Profile,DEGC,25-10-2025 12:48,525.6752787,523.2,2.216312057,515
SH3 outlet temperature,Water Steam Temperature Profile,DEGC,25-10-2025 12:47,524.2748496,523.2,2.216312057,515
SH3 outlet temperature,Water Steam Temperature Profile,DEGC,25-10-2025 12:46,524.7446306,523.2,2.216312057,515
SH3 outlet temperature,Water Steam Temperature Profile,DEGC,25-10-2025 12:45,522.436451,523.2,2.216312057,515
SH3 outlet temperature,Water Steam Temperature Profile,DEGC,25-10-2025 12:44,523.7110134,523.2,2.216312057,515
SH3 outlet temperature,Water Steam Temperature Profile,DEGC,25-10-2025 12:43,522.8910352,523.2,2.216312057,515
SH3 outlet temperature,Water Steam Temperature Profile,DEGC,25-10-2025 12:42,525.5961532,523.2,2.216312057,515
SH3 outlet temperature,Water Steam Temperature Profile,DEGC,25-10-2025 12:41,525.5835703,523.2,2.216312057,515
SH3 outlet temperature,Water Steam Temperature Profile,DEGC,25-10-2025 12:40,524.9132699,523.2,2.216312057,515
SH3 outlet temperature,Water Steam Temperature Profile,DEGC,25-10-2025 12:39,523.5034542,523.2,2.216312057,515
SH3 outlet temperature,Water Steam Temperature Profile,DEGC,25-10-2025 12:38,522.2527562,523.2,2.216312057,515
SH3 outlet temperature,Water Steam Temperature Profile,DEGC,25-10-2025 12:37,523.6289759,523.2,2.216312057,515
SH3 outlet temperature,Water Steam Temperature Profile,DEGC,25-10-2025 12:36,525.0107654,523.2,2.216312057,515
SH3 outlet temperature,Water Steam Temperature Profile,DEGC,25-10-2025 12:35,526.3955135,523.2,2.216312057,515
SH3 outlet temperature,Water Steam Temperature Profile,DEGC,25-10-2025 12:34,526.0465725,523.2,2.216312057,515
SH3 outlet temperature,Water Steam Temperature Profile,DEGC,25-10-2025 12:33,524.6603395,523.2,2.216312057,515
SH3 outlet temperature,Water Steam Temperature Profile,DEGC,25-10-2025 12:32,523.2468922,523.2,2.216312057,515
SH3 outlet temperature,Water Steam Temperature Profile,DEGC,25-10-2025 12:31,523.505419,523.2,2.216312057,515
SH3 outlet temperature,Water Steam Temperature Profile,DEGC,25-10-2025 12:30,522.1990644,523.2,2.216312057,515
SH3 outlet temperature,Water Steam Temperature Profile,DEGC,25-10-2025 12:29,522.5906824,523.2,2.216312057,515
SH3 outlet temperature,Water Steam Temperature Profile,DEGC,25-10-2025 12:28,521.3375843,523.2,2.216312057,515
SH3 outlet temperature,Water Steam Temperature Profile,DEGC,25-10-2025 12:27,520.714352,523.2,2.216312057,515
SH3 outlet temperature,Water Steam Temperature Profile,DEGC,25-10-2025 12:26,519.4182114,523.2,2.216312057,515
SH3 outlet temperature,Water Steam Temperature Profile,DEGC,25-10-2025 12:25,521.7944593,523.2,2.216312057,515
SH3 outlet temperature,Water Steam Temperature Profile,DEGC,25-10-2025 12:24,523.447374,523.2,2.216312057,515
SH3 outlet temperature,Water Steam Temperature Profile,DEGC,25-10-2025 12:23,524.8220518,523.2,2.216312057,515
SH3 outlet temperature,Water Steam Temperature Profile,DEGC,25-10-2025 12:22,523.8101696,523.2,2.216312057,515
SH3 outlet temperature,Water Steam Temperature Profile,DEGC,25-10-2025 12:21,524.1347317,523.2,2.216312057,515
SH3 outlet temperature,Water Steam Temperature Profile,DEGC,25-10-2025 12:20,524.9527378,523.2,2.216312057,515
SH3 outlet temperature,Water Steam Temperature Profile,DEGC,25-10-2025 12:19,524.253516,523.2,2.216312057,515
SH3 outlet temperature,Water Steam Temperature Profile,DEGC,25-10-2025 12:18,525.5623236,523.2,2.216312057,515
SH3 outlet temperature,Water Steam Temperature Profile,DEGC,25-10-2025 12:17,525.6438916,523.2,2.216312057,515
SH3 outlet temperature,Water Steam Temperature Profile,DEGC,25-10-2025 12:16,527.4250424,523.2,2.216312057,515
SH3 outlet temperature,Water Steam Temperature Profile,DEGC,25-10-2025 12:15,525.7476176,523.2,2.216312057,515
SH3 outlet temperature,Water Steam Temperature Profile,DEGC,25-10-2025 12:14,524.795085,523.2,2.216312057,515
SH3 outlet temperature,Water Steam Temperature Profile,DEGC,25-10-2025 12:13,522.3450632,523.2,2.216312057,515
SH3 outlet temperature,Water Steam Temperature Profile,DEGC,25-10-2025 12:12,521.4136091,523.2,2.216312057,515
SH3 outlet temperature,Water Steam Temperature Profile,DEGC,25-10-2025 12:11,519.4190327,523.2,2.216312057,515
SH3 outlet temperature,Water Steam Temperature Profile,DEGC,25-10-2025 12:10,519.3758485,523.2,2.216312057,515
SH3 outlet temperature,Water Steam Temperature Profile,DEGC,25-10-2025 12:09,521.7246052,523.2,2.216312057,515
SH3 outlet temperature,Water Steam Temperature Profile,DEGC,25-10-2025 12:08,523.6448706,523.2,2.216312057,515
SH3 outlet temperature,Water Steam Temperature Profile,DEGC,25-10-2025 12:07,523.6416459,523.2,2.216312057,515
SH3 outlet temperature,Water Steam Temperature Profile,DEGC,25-10-2025 12:06,522.5224301,523.2,2.216312057,515
SH3 outlet temperature,Water Steam Temperature Profile,DEGC,25-10-2025 12:05,522.1586687,523.2,2.216312057,515
SH3 outlet temperature,Water Steam Temperature Profile,DEGC,25-10-2025 12:04,523.1657055,523.2,2.216312057,515
SH3 outlet temperature,Water Steam Temperature Profile,DEGC,25-10-2025 12:03,523.2115289,523.2,2.216312057,515
SH3 outlet temperature,Water Steam Temperature Profile,DEGC,25-10-2025 12:02,523.5758667,523.2,2.216312057,515
SH3 outlet temperature,Water Steam Temperature Profile,DEGC,25-10-2025 12:01,523.9247789,523.2,2.216312057,515
SH3 outlet temperature,Water Steam Temperature Profile,DEGC,25-10-2025 12:00,524.8916098,523.2,2.216312057,515
SH3 outlet temperature,Water Steam Temperature Profile,DEGC,25-10-2025 11:59,524.5597292,523.2,2.216312057,515
SH3 outlet temperature,Water Steam Temperature Profile,DEGC,25-10-2025 11:58,524.6020092,523.2,2.216312057,515
SH3 outlet temperature,Water Steam Temperature Profile,DEGC,25-10-2025 11:57,522.3011089,523.2,2.216312057,515
SH3 outlet temperature,Water Steam Temperature Profile,DEGC,25-10-2025 11:56,522.6497991,523.2,2.216312057,515
SH3 outlet temperature,Water Steam Temperature Profile,DEGC,25-10-2025 11:55,522.3331918,523.2,2.216312057,515
SH3 outlet temperature,Water Steam Temperature Profile,DEGC,25-10-2025 11:54,523.635002,523.2,2.216312057,515
SH3 outlet temperature,Water Steam Temperature Profile,DEGC,25-10-2025 11:53,523.6790877,523.2,2.216312057,515
SH3 outlet temperature,Water Steam Temperature Profile,DEGC,25-10-2025 11:52,522.6238932,523.2,2.216312057,515
SH3 outlet temperature,Water Steam Temperature Profile,DEGC,25-10-2025 11:51,520.7069233,523.2,2.216312057,515
SH3 outlet temperature,Water Steam Temperature Profile,DEGC,25-10-2025 11:50,519.4266122,523.2,2.216312057,515
SH3 outlet temperature,Water Steam Temperature Profile,DEGC,25-10-2025 11:49,521.7771655,523.2,2.216312057,515
SH3 outlet temperature,Water Steam Temperature Profile,DEGC,25-10-2025 11:48,522.4074082,523.2,2.216312057,515
SH3 outlet temperature,Water Steam Temperature Profile,DEGC,25-10-2025 11:47,524.6049554,523.2,2.216312057,515
SH3 outlet temperature,Water Steam Temperature Profile,DEGC,25-10-2025 11:46,522.9664011,523.2,2.216312057,515
SH3 outlet temperature,Water Steam Temperature Profile,DEGC,25-10-2025 11:45,525.6741293,523.2,2.216312057,515
SH3 outlet temperature,Water Steam Temperature Profile,DEGC,25-10-2025 11:44,524.771265,523.2,2.216312057,515
SH3 outlet temperature,Water Steam Temperature Profile,DEGC,25-10-2025 11:43,525.4257448,523.2,2.216312057,515
SH3 outlet temperature,Water Steam Temperature Profile,DEGC,25-10-2025 11:42,524.0044159,523.2,2.216312057,515
SH3 outlet temperature,Water Steam Temperature Profile,DEGC,25-10-2025 11:41,522.5668876,523.2,2.216312057,515
SH3 outlet temperature,Water Steam Temperature Profile,DEGC,25-10-2025 11:40,521.242018,523.2,2.216312057,515
SH3 outlet temperature,Water Steam Temperature Profile,DEGC,25-10-2025 11:39,519.332038,523.2,2.216312057,515
SH3 outlet temperature,Water Steam Temperature Profile,DEGC,25-10-2025 11:38,519.3674786,523.2,2.216312057,515
SH3 outlet temperature,Water Steam Temperature Profile,DEGC,25-10-2025 11:37,521.6579097,523.2,2.216312057,515
SH3 outlet temperature,Water Steam Temperature Profile,DEGC,25-10-2025 11:36,523.6391183,523.2,2.216312057,515
SH3 outlet temperature,Water Steam Temperature Profile,DEGC,25-10-2025 11:35,523.6910435,523.2,2.216312057,515
SH3 outlet temperature,Water Steam Temperature Profile,DEGC,25-10-2025 11:34,522.7457002,523.2,2.216312057,515
SH3 outlet temperature,Water Steam Temperature Profile,DEGC,25-10-2025 11:33,522.4160663,523.2,2.216312057,515
SH3 outlet temperature,Water Steam Temperature Profile,DEGC,25-10-2025 11:32,523.2222278,523.2,2.216312057,515
SH3 outlet temperature,Water Steam Temperature Profile,DEGC,25-10-2025 11:31,523.2284067,523.2,2.216312057,515
SH3 outlet temperature,Water Steam Temperature Profile,DEGC,25-10-2025 11:30,522.2245458,523.2,2.216312057,515
SH3 outlet temperature,Water Steam Temperature Profile,DEGC,25-10-2025 11:29,522.7400269,523.2,2.216312057,515
SH3 outlet temperature,Water Steam Temperature Profile,DEGC,25-10-2025 11:28,523.7431582,523.2,2.216312057,515
SH3 outlet temperature,Water Steam Temperature Profile,DEGC,25-10-2025 11:27,524.7057962,523.2,2.216312057,515
SH3 outlet temperature,Water Steam Temperature Profile,DEGC,25-10-2025 11:26,524.7057529,523.2,2.216312057,515
SH3 outlet temperature,Water Steam Temperature Profile,DEGC,25-10-2025 11:25,522.3519979,523.2,2.216312057,515
SH3 outlet temperature,Water Steam Temperature Profile,DEGC,25-10-2025 11:24,522.7036013,523.2,2.216312057,515
SH3 outlet temperature,Water Steam Temperature Profile,DEGC,25-10-2025 11:23,521.275049,523.2,2.216312057,515
SH3 outlet temperature,Water Steam Temperature Profile,DEGC,25-10-2025 11:22,520.5952039,523.2,2.216312057,515
SH3 outlet temperature,Water Steam Temperature Profile,DEGC,25-10-2025 11:21,519.2223658,523.2,2.216312057,515
SH3 outlet temperature,Water Steam Temperature Profile,DEGC,25-10-2025 11:20,520.0135773,523.2,2.216312057,515
SH3 outlet temperature,Water Steam Temperature Profile,DEGC,25-10-2025 11:19,523.3084506,523.2,2.216312057,515
SH3 outlet temperature,Water Steam Temperature Profile,DEGC,25-10-2025 11:18,525.6761037,523.2,2.216312057,515
SH3 outlet temperature,Water Steam Temperature Profile,DEGC,25-10-2025 11:17,526.0111179,523.2,2.216312057,515
SH3 outlet temperature,Water Steam Temperature Profile,DEGC,25-10-2025 11:16,524.0566133,523.2,2.216312057,515
SH3 outlet temperature,Water Steam Temperature Profile,DEGC,25-10-2025 11:15,524.4507657,523.2,2.216312057,515
SH3 outlet temperature,Water Steam Temperature Profile,DEGC,25-10-2025 11:14,525.7438372,523.2,2.216312057,515
SH3 outlet temperature,Water Steam Temperature Profile,DEGC,25-10-2025 11:13,526.1521863,523.2,2.216312057,515
SH3 outlet temperature,Water Steam Temperature Profile,DEGC,25-10-2025 11:12,523.3266383,523.2,2.216312057,515
SH3 outlet temperature,Water Steam Temperature Profile,DEGC,25-10-2025 11:11,523.339811,523.2,2.216312057,515
SH3 outlet temperature,Water Steam Temperature Profile,DEGC,25-10-2025 11:10,522.851781,523.2,2.216312057,515
SH3 outlet temperature,Water Steam Temperature Profile,DEGC,25-10-2025 11:09,525.6862524,523.2,2.216312057,515
SH3 outlet temperature,Water Steam Temperature Profile,DEGC,25-10-2025 11:08,524.6385066,523.2,2.216312057,515
SH3 outlet temperature,Water Steam Temperature Profile,DEGC,25-10-2025 11:07,524.0135758,523.2,2.216312057,515
SH3 outlet temperature,Water Steam Temperature Profile,DEGC,25-10-2025 11:06,520.6263377,523.2,2.216312057,515
SH3 outlet temperature,Water Steam Temperature Profile,DEGC,25-10-2025 11:05,519.3660975,523.2,2.216312057,515
SH3 outlet temperature,Water Steam Temperature Profile,DEGC,25-10-2025 11:04,519.3615285,523.2,2.216312057,515
SH3 outlet temperature,Water Steam Temperature Profile,DEGC,25-10-2025 11:03,521.3624901,523.2,2.216312057,515
SH3 outlet temperature,Water Steam Temperature Profile,DEGC,25-10-2025 11:02,522.3195484,523.2,2.216312057,515
SH3 outlet temperature,Water Steam Temperature Profile,DEGC,25-10-2025 11:01,523.6517762,523.2,2.216312057,515
SH3 outlet temperature,Water Steam Temperature Profile,DEGC,25-10-2025 11:00,522.3072056,523.2,2.216312057,515
Screen Inlet Temperature,Flue Gas Temperature Profile,DEGC,25-10-2025 12:59,1052.148246,1005.266667,15.22922999,1001
Screen Inlet Temperature,Flue Gas Temperature Profile,DEGC,25-10-2025 12:58,1053.520666,1005.266667,15.22922999,1001
Screen Inlet Temperature,Flue Gas Temperature Profile,DEGC,25-10-2025 12:57,1037.290092,1005.266667,15.22922999,1001
Screen Inlet Temperature,Flue Gas Temperature Profile,DEGC,25-10-2025 12:56,1032.077176,1005.266667,15.22922999,1001
Screen Inlet Temperature,Flue Gas Temperature Profile,DEGC,25-10-2025 12:55,1033.203448,1005.266667,15.22922999,1001
Screen Inlet Temperature,Flue Gas Temperature Profile,DEGC,25-10-2025 12:54,1053.022767,1005.266667,15.22922999,1001
Screen Inlet Temperature,Flue Gas Temperature Profile,DEGC,25-10-2025 12:53,1037.724714,1005.266667,15.22922999,1001
Screen Inlet Temperature,Flue Gas Temperature Profile,DEGC,25-10-2025 12:52,1031.881782,1005.266667,15.22922999,1001
Screen Inlet Temperature,Flue Gas Temperature Profile,DEGC,25-10-2025 12:51,1032.708715,1005.266667,15.22922999,1001
Screen Inlet Temperature,Flue Gas Temperature Profile,DEGC,25-10-2025 12:50,1051.905179,1005.266667,15.22922999,1001
Screen Inlet Temperature,Flue Gas Temperature Profile,DEGC,25-10-2025 12:49,1038.006755,1005.266667,15.22922999,1001
Screen Inlet Temperature,Flue Gas Temperature Profile,DEGC,25-10-2025 12:48,1008.874565,1005.266667,15.22922999,1001
Screen Inlet Temperature,Flue Gas Temperature Profile,DEGC,25-10-2025 12:47,991.0025094,1005.266667,15.22922999,1001
Screen Inlet Temperature,Flue Gas Temperature Profile,DEGC,25-10-2025 12:46,990.9389255,1005.266667,15.22922999,1001
Screen Inlet Temperature,Flue Gas Temperature Profile,DEGC,25-10-2025 12:45,1000.075561,1005.266667,15.22922999,1001
Screen Inlet Temperature,Flue Gas Temperature Profile,DEGC,25-10-2025 12:44,998.3661465,1005.266667,15.22922999,1001
Screen Inlet Temperature,Flue Gas Temperature Profile,DEGC,25-10-2025 12:43,988.2572379,1005.266667,15.22922999,1001
Screen Inlet Temperature,Flue Gas Temperature Profile,DEGC,25-10-2025 12:42,976.1273308,1005.266667,15.22922999,1001
Screen Inlet Temperature,Flue Gas Temperature Profile,DEGC,25-10-2025 12:41,967.0419997,1005.266667,15.22922999,1001
Screen Inlet Temperature,Flue Gas Temperature Profile,DEGC,25-10-2025 12:40,964.8054302,1005.266667,15.22922999,1001
Screen Inlet Temperature,Flue Gas Temperature Profile,DEGC,25-10-2025 12:39,967.764581,1005.266667,15.22922999,1001
Screen Inlet Temperature,Flue Gas Temperature Profile,DEGC,25-10-2025 12:38,978.4585019,1005.266667,15.22922999,1001
Screen Inlet Temperature,Flue Gas Temperature Profile,DEGC,25-10-2025 12:37,990.9384022,1005.266667,15.22922999,1001
Screen Inlet Temperature,Flue Gas Temperature Profile,DEGC,25-10-2025 12:36,1000.893712,1005.266667,15.22922999,1001
Screen Inlet Temperature,Flue Gas Temperature Profile,DEGC,25-10-2025 12:35,1001.689503,1005.266667,15.22922999,1001
Screen Inlet Temperature,Flue Gas Temperature Profile,DEGC,25-10-2025 12:34,991.1739345,1005.266667,15.22922999,1001
Screen Inlet Temperature,Flue Gas Temperature Profile,DEGC,25-10-2025 12:33,978.4788225,1005.266667,15.22922999,1001
Screen Inlet Temperature,Flue Gas Temperature Profile,DEGC,25-10-2025 12:32,991.9149767,1005.266667,15.22922999,1001
Screen Inlet Temperature,Flue Gas Temperature Profile,DEGC,25-10-2025 12:31,1021.212958,1005.266667,15.22922999,1001
Screen Inlet Temperature,Flue Gas Temperature Profile,DEGC,25-10-2025 12:30,1051.744326,1005.266667,15.22922999,1001
Screen Inlet Temperature,Flue Gas Temperature Profile,DEGC,25-10-2025 12:29,1036.540481,1005.266667,15.22922999,1001
Screen Inlet Temperature,Flue Gas Temperature Profile,DEGC,25-10-2025 12:28,1017.721782,1005.266667,15.22922999,1001
Screen Inlet Temperature,Flue Gas Temperature Profile,DEGC,25-10-2025 12:27,1000.090164,1005.266667,15.22922999,1001
Screen Inlet Temperature,Flue Gas Temperature Profile,DEGC,25-10-2025 12:26,989.7246066,1005.266667,15.22922999,1001
Screen Inlet Temperature,Flue Gas Temperature Profile,DEGC,25-10-2025 12:25,976.6039636,1005.266667,15.22922999,1001
Screen Inlet Temperature,Flue Gas Temperature Profile,DEGC,25-10-2025 12:24,976.8875643,1005.266667,15.22922999,1001
Screen Inlet Temperature,Flue Gas Temperature Profile,DEGC,25-10-2025 12:23,988.6896018,1005.266667,15.22922999,1001
Screen Inlet Temperature,Flue Gas Temperature Profile,DEGC,25-10-2025 12:22,1000.429899,1005.266667,15.22922999,1001
Screen Inlet Temperature,Flue Gas Temperature Profile,DEGC,25-10-2025 12:21,996.9955354,1005.266667,15.22922999,1001
Screen Inlet Temperature,Flue Gas Temperature Profile,DEGC,25-10-2025 12:20,996.5885168,1005.266667,15.22922999,1001
Screen Inlet Temperature,Flue Gas Temperature Profile,DEGC,25-10-2025 12:19,995.9383992,1005.266667,15.22922999,1001
Screen Inlet Temperature,Flue Gas Temperature Profile,DEGC,25-10-2025 12:18,996.1192462,1005.266667,15.22922999,1001
Screen Inlet Temperature,Flue Gas Temperature Profile,DEGC,25-10-2025 12:17,1008.793319,1005.266667,15.22922999,1001
Screen Inlet Temperature,Flue Gas Temperature Profile,DEGC,25-10-2025 12:16,1009.655346,1005.266667,15.22922999,1001
Screen Inlet Temperature,Flue Gas Temperature Profile,DEGC,25-10-2025 12:15,1008.502768,1005.266667,15.22922999,1001
Screen Inlet Temperature,Flue Gas Temperature Profile,DEGC,25-10-2025 12:14,1008.634672,1005.266667,15.22922999,1001
Screen Inlet Temperature,Flue Gas Temperature Profile,DEGC,25-10-2025 12:13,1025.338589,1005.266667,15.22922999,1001
Screen Inlet Temperature,Flue Gas Temperature Profile,DEGC,25-10-2025 12:12,1028.55542,1005.266667,15.22922999,1001
Screen Inlet Temperature,Flue Gas Temperature Profile,DEGC,25-10-2025 12:11,1014.031729,1005.266667,15.22922999,1001
Screen Inlet Temperature,Flue Gas Temperature Profile,DEGC,25-10-2025 12:10,996.6988856,1005.266667,15.22922999,1001
Screen Inlet Temperature,Flue Gas Temperature Profile,DEGC,25-10-2025 12:09,1010.439027,1005.266667,15.22922999,1001
Screen Inlet Temperature,Flue Gas Temperature Profile,DEGC,25-10-2025 12:08,1011.985053,1005.266667,15.22922999,1001
Screen Inlet Temperature,Flue Gas Temperature Profile,DEGC,25-10-2025 12:07,1003.525831,1005.266667,15.22922999,1001
Screen Inlet Temperature,Flue Gas Temperature Profile,DEGC,25-10-2025 12:06,977.412834,1005.266667,15.22922999,1001
Screen Inlet Temperature,Flue Gas Temperature Profile,DEGC,25-10-2025 12:05,967.6489684,1005.266667,15.22922999,1001
Screen Inlet Temperature,Flue Gas Temperature Profile,DEGC,25-10-2025 12:04,978.5476753,1005.266667,15.22922999,1001
Screen Inlet Temperature,Flue Gas Temperature Profile,DEGC,25-10-2025 12:03,991.038967,1005.266667,15.22922999,1001
Screen Inlet Temperature,Flue Gas Temperature Profile,DEGC,25-10-2025 12:02,999.6173816,1005.266667,15.22922999,1001
Screen Inlet Temperature,Flue Gas Temperature Profile,DEGC,25-10-2025 12:01,995.939635,1005.266667,15.22922999,1001
Screen Inlet Temperature,Flue Gas Temperature Profile,DEGC,25-10-2025 12:00,984.4155942,1005.266667,15.22922999,1001
Screen Inlet Temperature,Flue Gas Temperature Profile,DEGC,25-10-2025 11:59,976.8130208,1005.266667,15.22922999,1001
Screen Inlet Temperature,Flue Gas Temperature Profile,DEGC,25-10-2025 11:58,981.0683729,1005.266667,15.22922999,1001
Screen Inlet Temperature,Flue Gas Temperature Profile,DEGC,25-10-2025 11:57,993.0428471,1005.266667,15.22922999,1001
Screen Inlet Temperature,Flue Gas Temperature Profile,DEGC,25-10-2025 11:56,1001.712137,1005.266667,15.22922999,1001
Screen Inlet Temperature,Flue Gas Temperature Profile,DEGC,25-10-2025 11:55,999.6429648,1005.266667,15.22922999,1001
Screen Inlet Temperature,Flue Gas Temperature Profile,DEGC,25-10-2025 11:54,988.9464492,1005.266667,15.22922999,1001
Screen Inlet Temperature,Flue Gas Temperature Profile,DEGC,25-10-2025 11:53,976.4935527,1005.266667,15.22922999,1001
Screen Inlet Temperature,Flue Gas Temperature Profile,DEGC,25-10-2025 11:52,974.0425181,1005.266667,15.22922999,1001
Screen Inlet Temperature,Flue Gas Temperature Profile,DEGC,25-10-2025 11:51,998.1797991,1005.266667,15.22922999,1001
Screen Inlet Temperature,Flue Gas Temperature Profile,DEGC,25-10-2025 11:50,1024.759492,1005.266667,15.22922999,1001
Screen Inlet Temperature,Flue Gas Temperature Profile,DEGC,25-10-2025 11:49,1047.221939,1005.266667,15.22922999,1001
Screen Inlet Temperature,Flue Gas Temperature Profile,DEGC,25-10-2025 11:48,1034.060472,1005.266667,15.22922999,1001
Screen Inlet Temperature,Flue Gas Temperature Profile,DEGC,25-10-2025 11:47,1019.258336,1005.266667,15.22922999,1001
Screen Inlet Temperature,Flue Gas Temperature Profile,DEGC,25-10-2025 11:46,998.958845,1005.266667,15.22922999,1001
Screen Inlet Temperature,Flue Gas Temperature Profile,DEGC,25-10-2025 11:45,995.9873597,1005.266667,15.22922999,1001
Screen Inlet Temperature,Flue Gas Temperature Profile,DEGC,25-10-2025 11:44,1016.330113,1005.266667,15.22922999,1001
Screen Inlet Temperature,Flue Gas Temperature Profile,DEGC,25-10-2025 11:43,1036.078475,1005.266667,15.22922999,1001
Screen Inlet Temperature,Flue Gas Temperature Profile,DEGC,25-10-2025 11:42,1038.647788,1005.266667,15.22922999,1001
Screen Inlet Temperature,Flue Gas Temperature Profile,DEGC,25-10-2025 11:41,1014.919873,1005.266667,15.22922999,1001
Screen Inlet Temperature,Flue Gas Temperature Profile,DEGC,25-10-2025 11:40,995.930985,1005.266667,15.22922999,1001
Screen Inlet Temperature,Flue Gas Temperature Profile,DEGC,25-10-2025 11:39,993.1813276,1005.266667,15.22922999,1001
Screen Inlet Temperature,Flue Gas Temperature Profile,DEGC,25-10-2025 11:38,1010.587329,1005.266667,15.22922999,1001
Screen Inlet Temperature,Flue Gas Temperature Profile,DEGC,25-10-2025 11:37,1026.075093,1005.266667,15.22922999,1001
Screen Inlet Temperature,Flue Gas Temperature Profile,DEGC,25-10-2025 11:36,1049.044475,1005.266667,15.22922999,1001
Screen Inlet Temperature,Flue Gas Temperature Profile,DEGC,25-10-2025 11:35,1053.935123,1005.266667,15.22922999,1001
Screen Inlet Temperature,Flue Gas Temperature Profile,DEGC,25-10-2025 11:34,1038.158747,1005.266667,15.22922999,1001
Screen Inlet Temperature,Flue Gas Temperature Profile,DEGC,25-10-2025 11:33,1013.522579,1005.266667,15.22922999,1001
Screen Inlet Temperature,Flue Gas Temperature Profile,DEGC,25-10-2025 11:32,1014.514531,1005.266667,15.22922999,1001
Screen Inlet Temperature,Flue Gas Temperature Profile,DEGC,25-10-2025 11:31,1015.823393,1005.266667,15.22922999,1001
Screen Inlet Temperature,Flue Gas Temperature Profile,DEGC,25-10-2025 11:30,1016.482127,1005.266667,15.22922999,1001
Screen Inlet Temperature,Flue Gas Temperature Profile,DEGC,25-10-2025 11:29,996.9356181,1005.266667,15.22922999,1001
Screen Inlet Temperature,Flue Gas Temperature Profile,DEGC,25-10-2025 11:28,994.9270997,1005.266667,15.22922999,1001
Screen Inlet Temperature,Flue Gas Temperature Profile,DEGC,25-10-2025 11:27,994.9146484,1005.266667,15.22922999,1001
Screen Inlet Temperature,Flue Gas Temperature Profile,DEGC,25-10-2025 11:26,994.1206929,1005.266667,15.22922999,1001
Screen Inlet Temperature,Flue Gas Temperature Profile,DEGC,25-10-2025 11:25,995.4588243,1005.266667,15.22922999,1001
Screen Inlet Temperature,Flue Gas Temperature Profile,DEGC,25-10-2025 11:24,998.8437883,1005.266667,15.22922999,1001
Screen Inlet Temperature,Flue Gas Temperature Profile,DEGC,25-10-2025 11:23,995.8179596,1005.266667,15.22922999,1001
Screen Inlet Temperature,Flue Gas Temperature Profile,DEGC,25-10-2025 11:22,996.0967546,1005.266667,15.22922999,1001
Screen Inlet Temperature,Flue Gas Temperature Profile,DEGC,25-10-2025 11:21,997.0286478,1005.266667,15.22922999,1001
Screen Inlet Temperature,Flue Gas Temperature Profile,DEGC,25-10-2025 11:20,998.640288,1005.266667,15.22922999,1001
Screen Inlet Temperature,Flue Gas Temperature Profile,DEGC,25-10-2025 11:19,994.807072,1005.266667,15.22922999,1001
Screen Inlet Temperature,Flue Gas Temperature Profile,DEGC,25-10-2025 11:18,1008.4534,1005.266667,15.22922999,1001
Screen Inlet Temperature,Flue Gas Temperature Profile,DEGC,25-10-2025 11:17,1025.070431,1005.266667,15.22922999,1001
Screen Inlet Temperature,Flue Gas Temperature Profile,DEGC,25-10-2025 11:16,1046.55822,1005.266667,15.22922999,1001
Screen Inlet Temperature,Flue Gas Temperature Profile,DEGC,25-10-2025 11:15,1032.026967,1005.266667,15.22922999,1001
Screen Inlet Temperature,Flue Gas Temperature Profile,DEGC,25-10-2025 11:14,1013.299531,1005.266667,15.22922999,1001
Screen Inlet Temperature,Flue Gas Temperature Profile,DEGC,25-10-2025 11:13,995.6143035,1005.266667,15.22922999,1001
Screen Inlet Temperature,Flue Gas Temperature Profile,DEGC,25-10-2025 11:12,995.4070574,1005.266667,15.22922999,1001
Screen Inlet Temperature,Flue Gas Temperature Profile,DEGC,25-10-2025 11:11,995.422185,1005.266667,15.22922999,1001
Screen Inlet Temperature,Flue Gas Temperature Profile,DEGC,25-10-2025 11:10,994.8335571,1005.266667,15.22922999,1001
Screen Inlet Temperature,Flue Gas Temperature Profile,DEGC,25-10-2025 11:09,996.0088642,1005.266667,15.22922999,1001
Screen Inlet Temperature,Flue Gas Temperature Profile,DEGC,25-10-2025 11:08,1020.760946,1005.266667,15.22922999,1001
Screen Inlet Temperature,Flue Gas Temperature Profile,DEGC,25-10-2025 11:07,1039.446508,1005.266667,15.22922999,1001
Screen Inlet Temperature,Flue Gas Temperature Profile,DEGC,25-10-2025 11:06,1038.58359,1005.266667,15.22922999,1001
Screen Inlet Temperature,Flue Gas Temperature Profile,DEGC,25-10-2025 11:05,1014.031835,1005.266667,15.22922999,1001
Screen Inlet Temperature,Flue Gas Temperature Profile,DEGC,25-10-2025 11:04,994.4007727,1005.266667,15.22922999,1001
Screen Inlet Temperature,Flue Gas Temperature Profile,DEGC,25-10-2025 11:03,991.8761978,1005.266667,15.22922999,1001
Screen Inlet Temperature,Flue Gas Temperature Profile,DEGC,25-10-2025 11:02,1008.85364,1005.266667,15.22922999,1001
Screen Inlet Temperature,Flue Gas Temperature Profile,DEGC,25-10-2025 11:01,1024.793367,1005.266667,15.22922999,1001
Screen Inlet Temperature,Flue Gas Temperature Profile,DEGC,25-10-2025 11:00,1046.654981,1005.266667,15.22922999,1001
